Date,Adj Close,Close,High,Low,Open,Volume
02-01-2020,72.79600525,75.08750153,75.15000153,73.79750061,74.05999756,135480400
03-01-2020,72.08827209,74.35749817,75.14499664,74.125,74.28749847,146322800
06-01-2020,72.66271973,74.94999695,74.98999786,73.1875,73.44750214,118387200
07-01-2020,72.32097626,74.59750366,75.22499847,74.37000275,74.95999908,108872000
08-01-2020,73.48435974,75.79750061,76.11000061,74.29000092,74.29000092,132079200
09-01-2020,75.04523468,77.40750122,77.60749817,76.55000305,76.80999756,170108400
10-01-2020,75.21486664,77.58249664,78.16750336,77.0625,77.65000153,140644800
13-01-2020,76.82178497,79.23999786,79.26750183,77.78749847,77.91000366,121532000
14-01-2020,75.78443909,78.16999817,79.39250183,78.04250336,79.17500305,161954400
15-01-2020,75.45968628,77.83499908,78.875,77.38749695,77.96250153,121923600
16-01-2020,76.4048996,78.80999756,78.92500305,78.02249908,78.39749908,108829200
17-01-2020,77.2507782,79.68250275,79.68499756,78.75,79.06749725,137816400
21-01-2020,76.72725677,79.14250183,79.75499725,79,79.29750061,110843200
22-01-2020,77.00112915,79.42500305,79.99749756,79.32749939,79.64499664,101832400
23-01-2020,77.37198639,79.80750275,79.88999939,78.91249847,79.48000336,104472000
24-01-2020,77.14899445,79.57749939,80.83249664,79.37999725,80.0625,146537600
27-01-2020,74.88040924,77.23750305,77.94249725,76.22000122,77.51499939,161940000
28-01-2020,76.99873352,79.42250061,79.59999847,78.04750061,78.15000153,162234000
29-01-2020,78.61049652,81.08499908,81.96250153,80.34500122,81.11250305,216229200
30-01-2020,78.4965744,80.96749878,81.02249908,79.6875,80.13500214,126743200
31-01-2020,75.0161438,77.37750244,80.66999817,77.07250214,80.23249817,199588400
03-02-2020,74.81011963,77.16500092,78.37249756,75.55500031,76.07499695,173788400
04-02-2020,77.27986145,79.71250153,79.91000366,78.40750122,78.82749939,136616400
05-02-2020,77.91005707,80.36250305,81.19000244,79.73750305,80.87999725,118826800
06-02-2020,78.82135773,81.30249786,81.30500031,80.06500244,80.64250183,105425600
07-02-2020,77.74997711,80.00749969,80.84999847,79.5,80.59249878,117684000
10-02-2020,78.11923218,80.38749695,80.38749695,78.46250153,78.54499817,109348800
11-02-2020,77.64792633,79.90249634,80.97499847,79.67749786,80.90000153,94323200
12-02-2020,79.49188995,81.80000305,81.80500031,80.36750031,80.36750031,113730400
13-02-2020,78.9258194,81.21749878,81.55500031,80.83750153,81.04750061,94747600
14-02-2020,78.94524384,81.23750305,81.49500275,80.71250153,81.18499756,80113600
18-02-2020,77.49971008,79.75,79.9375,78.65249634,78.83999634,152531200
19-02-2020,78.62213135,80.90499878,81.14250183,80,80,93984000
20-02-2020,77.81554413,80.07499695,81.16249847,79.55249786,80.65750122,100566000
21-02-2020,76.05419922,78.26249695,80.11250305,77.625,79.65499878,129554000
24-02-2020,72.44159698,74.54499817,76.04499817,72.30750275,74.31500244,222195200
25-02-2020,69.98783112,72.01999664,75.63249969,71.53250122,75.23750305,230673600
26-02-2020,71.09809875,73.16249847,74.47000122,71.625,71.63249969,198054800
27-02-2020,66.45054626,68.37999725,71.5,68.23999786,70.27500153,320605600
28-02-2020,66.41165924,68.33999634,69.60250092,64.09249878,64.31500244,426510000
02-03-2020,72.59464264,74.70249939,75.36000061,69.43000031,70.56999969,341397200
03-03-2020,70.28909302,72.33000183,76,71.44999695,75.91750336,319475600
04-03-2020,73.54942322,75.68499756,75.84999847,73.28250122,74.11000061,219178400
05-03-2020,71.16370392,73.23000336,74.88749695,72.85250092,73.87999725,187572800
06-03-2020,70.21863556,72.25749969,72.70500183,70.30750275,70.5,226176800
09-03-2020,64.6648941,66.54250336,69.52249908,65.75,65.9375,286744800
10-03-2020,69.32216644,71.33499908,71.61000061,67.34249878,69.28500366,285290000
11-03-2020,66.91457367,68.85749817,70.30500031,67.96499634,69.34750366,255598800
12-03-2020,60.30644608,62.05749893,67.5,62,63.98500061,418474000
13-03-2020,67.53166962,69.49250031,69.98000336,63.23749924,66.22250366,370732000
16-03-2020,58.84391022,60.55250168,64.76999664,60,60.48749924,322423600
17-03-2020,61.43128967,63.21500015,64.40249634,59.59999847,61.87749863,324056000
18-03-2020,59.92745209,61.66749954,62.5,59.27999878,59.94250107,300233600
19-03-2020,59.46828461,61.19499969,63.20999908,60.65250015,61.84749985,271857200
20-03-2020,55.69290924,57.31000137,62.95750046,57,61.79499817,401693200
23-03-2020,54.50976181,56.09249878,57.125,53.15250015,57.02000046,336752800
24-03-2020,59.97848129,61.72000122,61.92250061,58.57500076,59.09000015,287531200
25-03-2020,59.64806747,61.38000107,64.5625,61.07500076,62.6875,303602000
26-03-2020,62.78693008,64.61000061,64.66999817,61.59000015,61.63000107,252087200
27-03-2020,60.18740463,61.93500137,63.96749878,61.76250076,63.1875,204216800
30-03-2020,61.90503311,63.70249939,63.88000107,62.34999847,62.68500137,167976400
31-03-2020,61.7787056,63.57249832,65.62249756,63,63.90000153,197002000
01-04-2020,58.52807999,60.22750092,62.18000031,59.78250122,61.625,176218400
02-04-2020,59.50471878,61.23249817,61.28749847,59.22499847,60.08499908,165934000
03-04-2020,58.64955521,60.35250092,61.42499924,59.74250031,60.70000076,129880000
06-04-2020,63.7659874,65.61750031,65.77749634,62.34500122,62.72499847,201820400
07-04-2020,63.02743149,64.85749817,67.92500305,64.75,67.69999695,202887200
08-04-2020,64.64058685,66.51750183,66.84249878,65.30750275,65.68499756,168895200
09-04-2020,65.10704041,66.99749756,67.51750183,66.17500305,67.17500305,161834800
13-04-2020,66.38495636,68.3125,68.42500305,66.45749664,67.07749939,131022800
14-04-2020,69.73758698,71.76249695,72.0625,69.51249695,70,194994800
15-04-2020,69.10109711,71.10749817,71.58249664,70.15750122,70.59999847,131154400
16-04-2020,69.6501236,71.67250061,72.05000305,70.58750153,71.84500122,157125200
17-04-2020,68.70508575,70.69999695,71.73750305,69.21499634,71.17250061,215250000
20-04-2020,67.2789917,69.23249817,70.41999817,69.21250153,69.48750305,130015200
21-04-2020,65.19936371,67.09249878,69.3125,66.35749817,69.06999969,180991600
22-04-2020,67.07735443,69.02500153,69.47499847,68.05000305,68.40249634,116862400
23-04-2020,66.81739807,68.75749969,70.4375,68.71749878,68.96749878,124814400
24-04-2020,68.7463913,70.74250031,70.75250244,69.25,69.30000305,126161200
27-04-2020,68.79498291,70.79250336,71.13500214,69.98750305,70.44999695,117087600
28-04-2020,67.67985535,69.64499664,71.45749664,69.55000305,71.26999664,112004800
29-04-2020,69.90281677,71.93250275,72.41750336,70.97250366,71.18250275,137280800
30-04-2020,71.37751007,73.44999695,73.63249969,72.08750153,72.48999786,183064000
01-05-2020,70.22835541,72.26750183,74.75,71.46250153,71.5625,240616800
04-05-2020,71.22200775,73.29000092,73.42250061,71.58000183,72.29250336,133568000
05-05-2020,72.29096222,74.38999939,75.25,73.61499786,73.76499939,147751200
06-05-2020,73.03679657,75.15750122,75.80999756,74.71749878,75.11499786,142333600
07-05-2020,73.79235077,75.93499756,76.29250336,75.49250031,75.80500031,115215200
08-05-2020,75.54875946,77.53250122,77.58750153,76.07250214,76.41000366,133838400
11-05-2020,76.73754883,78.75250244,79.26249695,76.80999756,77.02500153,145946400
12-05-2020,75.86058807,77.85250092,79.92250061,77.72750092,79.45749664,162301200
13-05-2020,74.94460297,76.91249847,78.98750305,75.80249786,78.03749847,200622400
14-05-2020,75.4050293,77.38500214,77.44750214,75.38249969,76.12750244,158929200
15-05-2020,74.95922852,76.92749786,76.97499847,75.05249786,75.08750153,166348400
18-05-2020,76.72536469,78.73999786,79.125,77.58000183,78.29250336,135178400
19-05-2020,76.28201294,78.28500366,79.62999725,78.25250244,78.75749969,101729600
20-05-2020,77.76554108,79.80750275,79.87999725,79.12999725,79.16999817,111504800
21-05-2020,77.1857605,79.21250153,80.22250366,78.96749878,79.66500092,102688800
22-05-2020,77.68271637,79.72250366,79.80750275,78.83750153,78.94249725,81803200
26-05-2020,77.15652466,79.18250275,81.05999756,79.125,80.875,125522000
27-05-2020,77.4927063,79.52749634,79.67749786,78.27249908,79.03500366,112945200
28-05-2020,77.52680969,79.5625,80.86000061,78.90750122,79.19249725,133560800
29-05-2020,77.45129395,79.48500061,80.28749847,79.11750031,79.8125,153532400
01-06-2020,78.40378571,80.46250153,80.58750153,79.30249786,79.4375,80791200
02-06-2020,78.76675415,80.83499908,80.86000061,79.73249817,80.1875,87642800
03-06-2020,79.20037842,81.27999878,81.55000305,80.57499695,81.16500092,104491200
04-06-2020,78.51828766,80.58000183,81.40499878,80.19499969,81.09750366,87560400
05-06-2020,80.75456238,82.875,82.9375,80.80750275,80.83750153,137250400
08-06-2020,81.23202515,83.36499786,83.40000153,81.83000183,82.5625,95654400
09-06-2020,83.79716492,85.99749756,86.40249634,83.00250244,83.03500366,147712400
10-06-2020,85.95305634,88.20999908,88.69249725,86.52249908,86.97499847,166651600
11-06-2020,81.82641602,83.97499847,87.76499939,83.87000275,87.32749939,201662400
12-06-2020,82.53287506,84.69999695,86.94999695,83.55500031,86.18000031,200146000
15-06-2020,83.55355835,85.74749756,86.41999817,83.14499664,83.3125,138808800
16-06-2020,85.76790619,88.01999664,88.30000305,86.18000031,87.86499786,165428800
17-06-2020,85.64855194,87.89749908,88.84999847,87.77249908,88.78749847,114406400
18-06-2020,85.68264771,87.93250275,88.36250305,87.30500031,87.85250092,96820400
19-06-2020,85.19301605,87.43000031,89.13999939,86.28749847,88.66000366,264476000
22-06-2020,87.42197418,89.71749878,89.86499786,87.78749847,87.83499908,135445200
23-06-2020,89.28797913,91.63249969,93.09500122,90.56749725,91,212155600
24-06-2020,87.71187592,90.01499939,92.19750214,89.62999725,91.25,192623200
25-06-2020,88.876297,91.20999908,91.25,89.39250183,90.17500305,137522400
26-06-2020,86.14550781,88.40750122,91.33000183,88.25499725,91.10250092,205256800
29-06-2020,88.13087463,90.44499969,90.54250336,87.81999969,88.3125,130646000
30-06-2020,88.86654663,91.19999695,91.49500275,90,90.01999664,140223200
01-07-2020,88.69847107,91.02749634,91.83999634,90.97750092,91.27999878,110737200
02-07-2020,88.69847107,91.02749634,92.61750031,90.91000366,91.96250153,114041600
06-07-2020,91.07117462,93.46250153,93.94499969,92.46749878,92.5,118655600
07-07-2020,90.78859711,93.17250061,94.65499878,93.05750275,93.85250092,112424400
08-07-2020,92.9030838,95.34249878,95.375,94.08999634,94.18000031,117092000
09-07-2020,93.30258179,95.75250244,96.31749725,94.67250061,96.26249695,125642800
10-07-2020,93.46577454,95.91999817,95.98000336,94.70500183,95.33499908,90257200
13-07-2020,93.03461456,95.47750092,99.95500183,95.25749969,97.26499939,191649200
14-07-2020,94.57419586,97.05750275,97.25499725,93.87750244,94.83999634,170989200
15-07-2020,95.22460938,97.72499847,99.24749756,96.48999786,98.98999786,153198000
16-07-2020,94.05287933,96.52249908,97.40499878,95.90499878,96.5625,110577600
17-07-2020,93.86284637,96.32749939,97.14749908,95.83999634,96.98750305,92186800
20-07-2020,95.84091187,98.35749817,98.5,96.0625,96.41750336,90318000
21-07-2020,94.51813507,97,99.25,96.74250031,99.17250061,103433200
22-07-2020,94.78367615,97.27249908,97.97499847,96.60250092,96.69249725,89001600
23-07-2020,90.46946716,92.84500122,97.07749939,92.01000214,96.99749756,197004400
24-07-2020,90.2453537,92.61499786,92.97000122,89.14499664,90.98750305,185438800
27-07-2020,92.38417816,94.80999756,94.90499878,93.48000336,93.70999908,121214000
28-07-2020,90.86654663,93.25250244,94.55000305,93.24749756,94.36750031,103625600
29-07-2020,92.60829926,95.04000092,95.23000336,93.71250153,93.75,90329200
30-07-2020,93.72888947,96.19000244,96.29750061,93.76750183,94.1875,158130000
31-07-2020,103.5412521,106.2600021,106.4150009,100.8249969,102.8850021,374336800
03-08-2020,106.1502228,108.9375,111.6374969,107.8925018,108.1999969,308151200
04-08-2020,106.8591156,109.6650009,110.7900009,108.3874969,109.1324997,173071600
05-08-2020,107.2464447,110.0625,110.3925018,108.8974991,109.3775024,121776800
06-08-2020,110.9881821,113.9024963,114.4124985,109.7975006,110.4049988,202428800
07-08-2020,108.4647827,111.1125031,113.6750031,110.2925034,113.2050018,198045600
10-08-2020,110.0412903,112.7275009,113.7750015,110,112.5999985,212403600
11-08-2020,106.768692,109.375,112.4824982,109.1074982,111.9700012,187902400
12-08-2020,110.31707,113.0100021,113.2750015,110.2975006,110.4974976,165598000
13-08-2020,112.2694016,115.0100021,116.0425034,113.9274979,114.4300003,210082000
14-08-2020,112.1693573,114.9075012,115,113.0449982,114.8300018,165565200
17-08-2020,111.8764954,114.6074982,116.0875015,113.9625015,116.0625,119561600
18-08-2020,112.808754,115.5625,116,114.0074997,114.3525009,105633600
19-08-2020,112.9503021,115.7074966,117.1624985,115.6100006,115.9824982,145538000
20-08-2020,115.4566193,118.2750015,118.3925018,115.7324982,115.75,126907200
21-08-2020,121.4063721,124.3700027,124.8675003,119.25,119.2624969,338054800
24-08-2020,122.8584366,125.8574982,128.7850037,123.9375,128.6974945,345937600
25-08-2020,121.8505402,124.8249969,125.1800003,123.0524979,124.6975021,211495600
26-08-2020,123.507576,126.5224991,126.9925003,125.0824966,126.1800003,163022400
27-08-2020,122.0311356,125.0100021,127.4850006,123.8324966,127.1425018,155552400
28-08-2020,121.8334427,124.8075027,126.4424973,124.5774994,126.0124969,187630000
31-08-2020,125.9651108,129.0399933,131,126,127.5800018,225702700
01-09-2020,130.9825897,134.1799927,134.8000031,130.5299988,132.7599945,151948100
02-09-2020,128.2688293,131.3999939,137.9799957,127,137.5899963,200119000
03-09-2020,117.999527,120.8799973,128.8399963,120.5,126.9100037,257599600
04-09-2020,118.0776215,120.9599991,123.6999969,110.8899994,120.0699997,332607200
08-09-2020,110.1316071,112.8199997,118.9899979,112.6800003,113.9499969,231366600
09-09-2020,114.5243683,117.3199997,119.1399994,115.2600021,117.2600021,176940500
10-09-2020,110.785614,113.4899979,120.5,112.5,120.3600006,182274400
11-09-2020,109.3311539,112,115.2300034,110,114.5699997,180860300
14-09-2020,112.6110687,115.3600006,115.9300003,112.8000031,114.7200012,140150100
15-09-2020,112.7867737,115.5400009,118.8300018,113.6100006,118.3300018,184642000
16-09-2020,109.4580307,112.1299973,116,112.0400009,115.2300034,154679000
17-09-2020,107.7106705,110.3399963,112.1999969,108.7099991,109.7200012,178011000
18-09-2020,104.2940903,106.8399963,110.8799973,106.0899963,110.4000015,287104900
21-09-2020,107.4568863,110.0800018,110.1900024,103.0999985,104.5400009,195713800
22-09-2020,109.145668,111.8099976,112.8600006,109.1600037,112.6800003,183055400
23-09-2020,104.5674286,107.1200027,112.1100006,106.7699966,111.6200027,150718700
24-09-2020,105.6412048,108.2200012,110.25,105,105.1699982,167743300
25-09-2020,109.6044617,112.2799988,112.4400024,107.6699982,108.4300003,149981400
28-09-2020,112.2205963,114.9599991,115.3199997,112.7799988,115.0100021,137672400
29-09-2020,111.3713379,114.0899963,115.3099976,113.5699997,114.5500031,99382200
30-09-2020,113.050354,115.8099976,117.2600021,113.6200027,113.7900009,142675200
01-10-2020,114.0069962,116.7900009,117.7200012,115.8300018,117.6399994,116120400
02-10-2020,110.326828,113.0199966,115.3700027,112.2200012,112.8899994,144712000
05-10-2020,113.7239151,116.5,116.6500015,113.5500031,113.9100037,106243800
06-10-2020,110.4635086,113.1600037,116.1200027,112.25,115.6999969,161498200
07-10-2020,112.3377457,115.0800018,115.5500031,114.1299973,114.6200027,96849000
08-10-2020,112.2303543,114.9700012,116.4000015,114.5899963,116.25,83477200
09-10-2020,114.1827087,116.9700012,117,114.9199982,115.2799988,100506900
12-10-2020,121.4356461,124.4000015,125.1800003,119.2799988,120.0599976,240226800
13-10-2020,118.2142944,121.0999985,125.3899994,119.6500015,125.2699966,262330500
14-10-2020,118.3021545,121.1900024,123.0299988,119.6200027,121,150712000
15-10-2020,117.8335876,120.7099991,121.1999969,118.1500015,118.7200012,112559200
16-10-2020,116.1838608,119.0199966,121.5500031,118.8099976,121.2799988,115393800
19-10-2020,113.2162933,115.9800034,120.4199982,115.6600037,119.9599991,120639300
20-10-2020,114.7098465,117.5100021,118.9800034,115.6299973,116.1999969,124423700
21-10-2020,114.0850906,116.8700027,118.7099991,116.4499969,116.6699982,89946000
22-10-2020,112.9917831,115.75,118.0400009,114.5899963,117.4499969,101988000
23-10-2020,112.2986908,115.0400009,116.5500031,114.2799988,116.3899994,82572600
26-10-2020,112.3084641,115.0500031,116.5500031,112.8799973,114.0100021,111850700
27-10-2020,113.8215179,116.5999985,117.2799988,114.5400009,115.4899979,92276800
28-10-2020,108.5502014,111.1999969,115.4300003,111.0999985,115.0500031,143937800
29-10-2020,112.5720215,115.3199997,116.9300003,112.1999969,112.3700027,146129200
30-10-2020,106.2659531,108.8600006,111.9899979,107.7200012,111.0599976,190272600
02-11-2020,106.1780853,108.7699966,110.6800003,107.3199997,109.1100006,122866900
03-11-2020,107.8083115,110.4400024,111.4899979,108.7300034,109.6600037,107624400
04-11-2020,112.2108459,114.9499969,115.5899963,112.3499985,114.1399994,138235500
05-11-2020,116.1936188,119.0299988,119.6200027,116.8700027,117.9499969,126387100
06-11-2020,116.0616226,118.6900024,119.1999969,116.1299973,118.3199997,114457900
09-11-2020,113.7441101,116.3199997,121.9899979,116.0500031,120.5,154515300
10-11-2020,113.4018478,115.9700012,117.5899963,114.1299973,115.5500031,138023400
11-11-2020,116.843895,119.4899979,119.6299973,116.4400024,117.1900024,112295000
12-11-2020,116.5700912,119.2099991,120.5299988,118.5699997,119.6200027,103162300
13-11-2020,116.6189804,119.2600021,119.6699982,117.8700027,119.4400024,81581900
16-11-2020,117.6359634,120.3000031,120.9899979,118.1500015,118.9199982,91183000
17-11-2020,116.746109,119.3899994,120.6699982,118.9599991,119.5500031,74271000
18-11-2020,115.416214,118.0299988,119.8199997,118,118.6100006,76322100
19-11-2020,116.0127335,118.6399994,119.0599976,116.8099976,117.5899963,74113000
20-11-2020,114.7415009,117.3399963,118.7699966,117.2900009,118.6399994,73604300
23-11-2020,111.3287735,113.8499985,117.6200027,113.75,117.1800003,127959300
24-11-2020,112.6195679,115.1699982,115.8499985,112.5899963,113.9100037,113874200
25-11-2020,113.4605103,116.0299988,116.75,115.1699982,115.5500031,76499200
27-11-2020,114.00811,116.5899963,117.4899979,116.2200012,116.5699997,46691300
30-11-2020,116.4136505,119.0500031,120.9700012,116.8099976,116.9700012,169410200
01-12-2020,120.0023804,122.7200012,123.4700012,120.0100021,121.0100021,127728200
02-12-2020,120.3544006,123.0800018,123.3700027,120.8899994,122.0199966,89004200
03-12-2020,120.2174988,122.9400024,123.7799988,122.2099991,123.5199966,78967600
04-12-2020,119.5427704,122.25,122.8600006,121.5199966,122.5999985,78260400
07-12-2020,121.0095749,123.75,124.5699997,122.25,122.3099976,86712000
08-12-2020,121.6255951,124.3799973,124.9800034,123.0899963,124.3700027,82225500
09-12-2020,119.0831909,121.7799988,125.9499969,121,124.5299988,115089200
10-12-2020,120.5108566,123.2399979,123.8700027,120.1500015,120.5,81312200
11-12-2020,119.699234,122.4100037,122.7600021,120.5500031,122.4300003,86939800
14-12-2020,119.0831909,121.7799988,123.3499985,121.5400009,122.5999985,79184500
15-12-2020,125.0480957,127.8799973,127.9000015,124.1299973,124.3399963,157243700
16-12-2020,124.9796295,127.8099976,128.3699951,126.5599976,127.4100037,98208600
17-12-2020,125.8499222,128.6999969,129.5800018,128.0399933,128.8999939,94359800
18-12-2020,123.8551254,126.6600037,129.1000061,126.1200027,128.9600067,192541500
21-12-2020,125.3903351,128.2299957,128.3099976,123.4499969,125.0199966,121251600
22-12-2020,128.959549,131.8800049,134.4100037,129.6499939,131.6100006,168904800
23-12-2020,128.0599365,130.9600067,132.4299927,130.7799988,132.1600037,88223700
24-12-2020,129.0475464,131.9700012,133.4600067,131.1000061,131.3200073,54930100
28-12-2020,133.6630096,136.6900024,137.3399963,133.5099945,133.9900055,124486200
29-12-2020,131.8833008,134.8699951,138.7899933,134.3399963,138.0500031,121047300
30-12-2020,130.7587585,133.7200012,135.9900055,133.3999939,135.5800018,96452100
31-12-2020,129.7515564,132.6900024,134.7400055,131.7200012,134.0800018,99116600
04-01-2021,126.5442123,129.4100037,133.6100006,126.7600021,133.5200043,143301900
05-01-2021,128.1087799,131.0099945,131.7400055,128.4299927,128.8899994,97664900
06-01-2021,123.7964401,126.5999985,131.0500031,126.3799973,127.7200012,155088000
07-01-2021,128.0207672,130.9199982,131.6300049,127.8600006,128.3600006,109578200
08-01-2021,129.1257629,132.0500031,132.6300049,130.2299957,132.4299927,105158200
11-01-2021,126.1237183,128.9799957,130.1699982,128.5,129.1900024,100384500
12-01-2021,125.9477158,128.8000031,129.6900024,126.8600006,128.5,91951100
13-01-2021,127.9914398,130.8899994,131.4499969,128.4900055,128.7599945,88636800
14-01-2021,126.0552902,128.9100037,131,128.7599945,130.8000031,90221800
15-01-2021,124.3244781,127.1399994,130.2200012,127,128.7799988,111598500
19-01-2021,124.9992065,127.8300018,128.7100067,126.9400024,127.7799988,90757300
20-01-2021,129.1061859,132.0299988,132.4900055,128.5500031,128.6600037,104319500
21-01-2021,133.8390045,136.8699951,139.6699982,133.5899963,133.8000031,120150900
22-01-2021,135.9903107,139.0700073,139.8500061,135.0200043,136.2799988,114459400
25-01-2021,139.7550659,142.9199982,145.0899963,136.5399933,143.0700073,157611700
26-01-2021,139.9897156,143.1600037,144.3000031,141.3699951,143.6000061,98390600
27-01-2021,138.9140778,142.0599976,144.3000031,140.4100037,143.4299927,140843800
28-01-2021,134.0541229,137.0899963,141.9900055,136.6999969,139.5200043,142621100
29-01-2021,129.0377808,131.9600067,136.7400055,130.2100067,135.8300018,177523800
01-02-2021,131.1694641,134.1399994,135.3800049,130.9299927,133.75,106239800
02-02-2021,132.0006409,134.9900055,136.3099976,134.6100006,135.7299957,83305400
03-02-2021,130.9739227,133.9400024,135.7700043,133.6100006,135.7599945,89880900
04-02-2021,134.3474884,137.3899994,137.3999939,134.5899963,136.3000031,84183100
05-02-2021,133.9312744,136.7599945,137.4199982,135.8600006,137.3500061,75693800
08-02-2021,134.0781708,136.9100037,136.9600067,134.9199982,136.0299988,71297200
09-02-2021,133.1967773,136.0099945,137.8800049,135.8500061,136.6199951,76774200
10-02-2021,132.5896454,135.3899994,136.9900055,134.3999939,136.4799957,73046600
11-02-2021,132.3350067,135.1300049,136.3899994,133.7700043,135.8999939,64280000
12-02-2021,132.5700226,135.3699951,135.5299988,133.6900024,134.3500061,60145100
16-02-2021,130.4351349,133.1900024,136.0099945,132.7899933,135.4900055,80576300
17-02-2021,128.1336975,130.8399963,132.2200012,129.4700012,131.25,97918500
18-02-2021,127.0271149,129.7100067,130,127.4100037,129.1999969,96856700
19-02-2021,127.1837921,129.8699951,130.7100067,128.8000031,130.2400055,87668800
22-02-2021,123.3938293,126,129.7200012,125.5999985,128.0099945,103916400
23-02-2021,123.2567368,125.8600006,126.7099991,118.3899994,123.7600021,158273000
24-02-2021,122.7572937,125.3499985,125.5599976,122.2300034,124.9400024,111039900
25-02-2021,118.4874649,120.9899979,126.4599991,120.5400009,124.6800003,148199500
26-02-2021,118.7518768,121.2600021,124.8499985,121.1999969,122.5899963,164560400
01-03-2021,125.1468201,127.7900009,127.9300003,122.7900009,123.75,116307900
02-03-2021,122.5320435,125.1200027,128.7200012,125.0100021,128.4100037,102260900
03-03-2021,119.5353317,122.0599976,125.7099991,121.8399963,124.8099976,112966300
04-03-2021,117.6452484,120.1299973,123.5999985,118.6200027,121.75,178155000
05-03-2021,118.908577,121.4199982,121.9400024,117.5699997,120.9800034,153766600
08-03-2021,113.9532318,116.3600006,121,116.2099991,120.9300003,154376600
09-03-2021,118.5853958,121.0899963,122.0599976,118.7900009,119.0299988,129525800
10-03-2021,117.4983597,119.9800034,122.1699982,119.4499969,121.6900024,111943300
11-03-2021,119.4374008,121.9599991,123.2099991,121.2600021,122.5400009,103026500
12-03-2021,118.5266495,121.0299988,121.1699982,119.1600037,120.4000015,88105100
15-03-2021,121.425415,123.9899979,124,120.4199982,121.4100037,92403800
16-03-2021,122.9727325,125.5699997,127.2200012,124.7200012,125.6999969,115227900
17-03-2021,122.1794891,124.7600021,125.8600006,122.3399963,124.0500031,111932600
18-03-2021,118.0369797,120.5299988,123.1800003,120.3199997,122.8799973,121229700
19-03-2021,117.5081558,119.9899979,121.4300003,119.6800003,119.9000015,185549500
22-03-2021,120.8378296,123.3899994,123.8700027,120.2600021,120.3300018,111912300
23-03-2021,120.0054016,122.5400009,124.2399979,122.1399994,123.3300018,95467100
24-03-2021,117.6060791,120.0899963,122.9000015,120.0699997,122.8199997,88530500
25-03-2021,118.0957489,120.5899963,121.6600037,119,119.5400009,98844700
26-03-2021,118.7029037,121.2099991,121.4800034,118.9199982,120.3499985,94071200
29-03-2021,118.8792038,121.3899994,122.5800018,120.7300034,121.6500015,80819200
30-03-2021,117.4200058,119.9000015,120.4000015,118.8600006,120.1100006,85671900
31-03-2021,119.6234818,122.1500015,123.5199966,121.1500015,121.6500015,118323800
01-04-2021,120.4559021,123,124.1800003,122.4899979,123.6600037,75089100
05-04-2021,123.2959137,125.9000015,126.1600037,123.0699997,123.8700027,88651200
06-04-2021,123.5994949,126.2099991,127.1299973,125.6500015,126.5,80171300
07-04-2021,125.2545471,127.9000015,127.9199982,125.1399994,125.8300018,83466700
08-04-2021,127.6636505,130.3600006,130.3899994,128.5200043,128.9499969,88844600
09-04-2021,130.2490234,133,133.0399933,129.4700012,129.8000031,106686700
12-04-2021,128.5254822,131.2400055,132.8500061,130.6300049,132.5200043,91420000
13-04-2021,131.6494751,134.4299927,134.6600037,131.9299927,132.4400024,91266500
14-04-2021,129.2991333,132.0299988,135,131.6600037,134.9400024,87222800
15-04-2021,131.7180176,134.5,135,133.6399994,133.8200073,89347100
16-04-2021,131.3850555,134.1600037,134.6699982,133.2799988,134.3000031,84922400
19-04-2021,132.0509949,134.8399963,135.4700012,133.3399963,133.5099945,94264200
20-04-2021,130.3567963,133.1100006,135.5299988,131.8099976,135.0200043,94812300
21-04-2021,130.7387238,133.5,133.75,131.3000031,132.3600006,68847100
22-04-2021,129.2109833,131.9400024,134.1499939,131.4100037,133.0399933,84566500
23-04-2021,131.5417633,134.3200073,135.1199951,132.1600037,132.1600037,78657500
26-04-2021,131.9334717,134.7200012,135.0599976,133.5599976,134.8300018,66905100
27-04-2021,131.610321,134.3899994,135.4100037,134.1100006,135.0099945,66015800
28-04-2021,130.8170624,133.5800018,135.0200043,133.0800018,134.3099976,107760100
29-04-2021,130.7191315,133.4799957,137.0700073,132.4499969,136.4700012,151101000
30-04-2021,128.7409058,131.4600067,133.5599976,131.0700073,131.7799988,109839500
03-05-2021,129.798584,132.5399933,134.0700073,131.8300018,132.0399933,75135100
04-05-2021,125.2055893,127.8499985,131.4900055,126.6999969,131.1900024,137564700
05-05-2021,125.4504013,128.1000061,130.4499969,127.9700012,129.1999969,84000900
06-05-2021,127.0564651,129.7400055,129.75,127.1299973,127.8899994,78128300
07-05-2021,127.7333527,130.2100067,131.2599945,129.4799957,130.8500061,78973300
10-05-2021,124.4372635,126.8499985,129.5399933,126.8099976,129.4100037,88071200
11-05-2021,123.515152,125.9100037,126.2699966,122.7699966,123.5,126142800
12-05-2021,120.4348755,122.7699966,124.6399994,122.25,123.4000015,112172300
13-05-2021,122.5930405,124.9700012,126.1500015,124.2600021,124.5800018,105861300
14-05-2021,125.025856,127.4499969,127.8899994,125.8499985,126.25,81918000
17-05-2021,123.8682938,126.2699966,126.9300003,125.1699982,126.8199997,74244600
18-05-2021,122.4753113,124.8499985,126.9899979,124.7799988,126.5599976,63342900
19-05-2021,122.3183594,124.6900024,124.9199982,122.8600006,123.1600037,92612000
20-05-2021,124.8885193,127.3099976,127.7200012,125.0999985,125.2300034,76857100
21-05-2021,123.0442886,125.4300003,128,125.2099991,127.8199997,79295400
24-05-2021,124.682518,127.0999985,127.9400024,125.9400024,126.0100021,63092900
25-05-2021,124.4863052,126.9000015,128.3200073,126.3199997,127.8199997,72009500
26-05-2021,124.4372635,126.8499985,127.3899994,126.4199982,126.9599991,56575900
27-05-2021,122.8971252,125.2799988,127.6399994,125.0800018,126.4400024,94625600
28-05-2021,122.2398834,124.6100006,125.8000031,124.5500031,125.5699997,71311100
01-06-2021,121.9161606,124.2799988,125.3499985,123.9400024,125.0800018,67637100
02-06-2021,122.6813049,125.0599976,125.2399979,124.0500031,124.2799988,59278900
03-06-2021,121.1902237,123.5400009,124.8499985,123.1299973,124.6800003,76229200
04-06-2021,123.4955292,125.8899994,126.1600037,123.8499985,124.0699997,75169300
07-06-2021,123.5053329,125.9000015,126.3199997,124.8300018,126.1699982,71057600
08-06-2021,124.3293686,126.7399979,128.4600067,126.2099991,126.5999985,74403800
09-06-2021,124.7119446,127.1299973,127.75,126.5199966,127.2099991,56877900
10-06-2021,123.7113419,126.1100006,128.1900024,125.9400024,127.0199966,71186400
11-06-2021,124.9277573,127.3499985,127.4400024,126.0999985,126.5299988,53522400
14-06-2021,127.9982376,130.4799957,130.5399933,127.0699997,127.8199997,96906500
15-06-2021,127.1741791,129.6399994,130.6000061,129.3899994,129.9400024,62746300
16-06-2021,127.6744843,130.1499939,130.8899994,128.4600067,130.3699951,91815000
17-06-2021,129.2832947,131.7899933,132.5500031,129.6499939,129.8000031,96721700
18-06-2021,127.9785995,130.4600067,131.5099945,130.2400055,130.7100067,108953300
21-06-2021,129.7835999,132.3000031,132.4100037,129.2100067,130.3000031,79663300
22-06-2021,131.4316711,133.9799957,134.0800018,131.6199951,132.1300049,74783600
23-06-2021,131.1569672,133.6999969,134.3200073,133.2299957,133.7700043,60214200
24-06-2021,130.8724823,133.4100037,134.6399994,132.9299927,134.4499969,68711000
25-06-2021,130.5782166,133.1100006,133.8899994,132.8099976,133.4600067,70783700
28-06-2021,132.2164307,134.7799988,135.25,133.3500061,133.4100037,62111300
29-06-2021,133.7369537,136.3300018,136.4900055,134.3500061,134.8000031,64556100
30-06-2021,134.355011,136.9600067,137.4100037,135.8699951,136.1699982,63261400
01-07-2021,134.6591187,137.2700043,137.3300018,135.7599945,136.6000061,52485800
02-07-2021,137.2979279,139.9600067,140,137.75,137.8999939,78852600
06-07-2021,139.3187103,142.0200043,143.1499939,140.0700073,140.0700073,108181800
07-07-2021,141.8202515,144.5700073,144.8899994,142.6600037,143.5399933,104911600
08-07-2021,140.5155334,143.2400055,144.0599976,140.6699982,141.5800018,105575500
09-07-2021,142.3499756,145.1100006,145.6499939,142.6499939,142.75,99890800
12-07-2021,141.7515717,144.5,146.3200073,144,146.2100067,76299700
13-07-2021,142.869873,145.6399994,147.4600067,143.6300049,144.0299988,100827100
14-07-2021,146.3130951,149.1499939,149.5700073,147.6799927,148.1000061,127050800
15-07-2021,145.6558533,148.4799957,150,147.0899963,149.2400055,106820300
16-07-2021,143.6056213,146.3899994,149.7599945,145.8800049,148.4600067,93251400
19-07-2021,139.7405396,142.4499969,144.0700073,141.6699982,143.75,121434600
20-07-2021,143.370163,146.1499939,147.1000061,142.9600067,143.4600067,96350000
21-07-2021,142.6344452,145.3999939,146.1300049,144.6300049,145.5299988,74993500
22-07-2021,144.0077972,146.8000031,148.1999969,145.8099976,145.9400024,77338200
23-07-2021,145.7343445,148.5599976,148.7200012,146.9199982,147.5500031,71447400
26-07-2021,146.1561737,148.9900055,149.8300018,147.6999969,148.2700043,72434100
27-07-2021,143.9783936,146.7700043,149.2100067,145.5500031,149.1199951,104818600
28-07-2021,142.2224274,144.9799957,146.9700012,142.5399933,144.8099976,118931200
29-07-2021,142.869873,145.6399994,146.5500031,144.5800018,144.6900024,56699500
30-07-2021,143.0856781,145.8600006,146.3300018,144.1100006,144.3800049,70440600
02-08-2021,142.752182,145.5200043,146.9499969,145.25,146.3600006,62880000
03-08-2021,144.5571747,147.3600006,148.0399933,145.1799927,145.8099976,64786600
04-08-2021,144.1549835,146.9499969,147.7899933,146.2799988,147.2700043,56368300
05-08-2021,144.2628632,147.0599976,147.8399963,146.1699982,146.9799957,46397700
06-08-2021,143.5751495,146.1399994,147.1100006,145.6300049,146.3500061,54126800
09-08-2021,143.5260315,146.0899963,146.6999969,145.5200043,146.1999969,48908700
10-08-2021,143.0446167,145.6000061,147.7100067,145.3000031,146.4400024,69023100
11-08-2021,143.3000946,145.8600006,146.7200012,145.5299988,146.0500031,48493500
12-08-2021,146.2769012,148.8899994,149.0500031,145.8399963,146.1900024,72282600
13-08-2021,146.4832458,149.1000061,149.4400024,148.2700043,148.9700012,59375000
16-08-2021,148.4677277,151.1199951,151.1900024,146.4700012,148.5399933,103296000
17-08-2021,147.5540771,150.1900024,151.6799927,149.0899963,150.2299957,92229700
18-08-2021,143.7912903,146.3600006,150.7200012,146.1499939,149.8000031,86326000
19-08-2021,144.1253052,146.6999969,148,144.5,145.0299988,86960300
20-08-2021,145.5891571,148.1900024,148.5,146.7799988,147.4400024,60549600
23-08-2021,147.0825043,149.7100067,150.1900024,147.8899994,148.3099976,60131800
24-08-2021,146.9940796,149.6199951,150.8600006,149.1499939,149.4499969,48606400
25-08-2021,145.7561798,148.3600006,150.3200073,147.8000031,149.8099976,58991300
26-08-2021,144.950592,147.5399933,149.1199951,147.5099945,148.3500061,48597200
27-08-2021,145.9919739,148.6000061,148.75,146.8300018,147.4799957,55802400
30-08-2021,150.4326324,153.1199951,153.4900055,148.6100006,149,90956700
31-08-2021,149.1652985,151.8300018,152.8000031,151.2899933,152.6600037,86453100
01-09-2021,149.8333588,152.5099945,154.9799957,152.3399963,152.8300018,80313700
02-09-2021,150.9533539,153.6499939,154.7200012,152.3999939,153.8699951,71115500
03-09-2021,151.5919495,154.3000031,154.6300049,153.0899963,153.7599945,57808700
07-09-2021,153.9400177,156.6900024,157.2599945,154.3899994,154.9700012,82278300
08-09-2021,152.3877258,155.1100006,157.0399933,153.9799957,156.9799957,74420200
09-09-2021,151.3659821,154.0700073,156.1100006,153.9499969,155.4900055,57305700
10-09-2021,146.3554993,148.9700012,155.4799957,148.6999969,155,140893200
13-09-2021,146.925293,149.5500031,151.4199982,148.75,150.6300049,102404300
14-09-2021,145.520401,148.1199951,151.0700073,146.9100037,150.3500061,109296300
15-09-2021,146.4144592,149.0299988,149.4400024,146.3699951,148.5599976,83281300
16-09-2021,146.1786346,148.7899933,148.9700012,147.2200012,148.4400024,68034100
17-09-2021,143.4965668,146.0599976,148.8200073,145.7599945,148.8200073,129868800
20-09-2021,140.4313507,142.9400024,144.8399963,141.2700043,143.8000031,123478900
21-09-2021,140.9126892,143.4299927,144.6000061,142.7799988,143.9299927,75834000
22-09-2021,143.2902679,145.8500061,146.4299927,143.6999969,144.4499969,76404300
23-09-2021,144.2530518,146.8300018,147.0800018,145.6399994,146.6499939,64838200
24-09-2021,144.3414917,146.9199982,147.4700012,145.5599976,145.6600037,53477900
27-09-2021,142.8186493,145.3699951,145.9600067,143.8200073,145.4700012,74150700
28-09-2021,139.4194183,141.9100037,144.75,141.6900024,143.25,108972300
29-09-2021,140.3232422,142.8300018,144.4499969,142.0299988,142.4700012,74602000
30-09-2021,139.0166168,141.5,144.3800049,141.2799988,143.6600037,89056700
01-10-2021,140.1464081,142.6499939,142.9199982,139.1100006,141.8999939,94639600
04-10-2021,136.697998,139.1399994,142.2100067,138.2700043,141.7599945,98322000
05-10-2021,138.6334229,141.1100006,142.2400055,139.3600006,139.4900055,80861100
06-10-2021,139.5078125,142,142.1499939,138.3699951,139.4700012,83221100
07-10-2021,140.775177,143.2899933,144.2200012,142.7200012,143.0599976,61732700
08-10-2021,140.3919983,142.8999939,144.1799927,142.5599976,144.0299988,58773200
11-10-2021,140.3036194,142.8099976,144.8099976,141.8099976,142.2700043,64452200
12-10-2021,139.026413,141.5099945,143.25,141.0399933,143.2299957,73035900
13-10-2021,138.4369354,140.9100037,141.3999939,139.1999969,141.2400055,78762700
14-10-2021,141.236908,143.7599945,143.8800049,141.5099945,142.1100006,69907100
15-10-2021,142.2979584,144.8399963,144.8999939,143.5099945,143.7700043,67940300
18-10-2021,143.9779663,146.5500031,146.8399963,143.1600037,143.4499969,85589200
19-10-2021,146.1491547,148.7599945,149.1699982,146.5500031,147.0099945,76378900
20-10-2021,146.6403961,149.2599945,149.75,148.1199951,148.6999969,58418800
21-10-2021,146.8565216,149.4799957,149.6399994,147.8699951,148.8099976,61421000
22-10-2021,146.0804138,148.6900024,150.1799927,148.6399994,149.6900024,58883400
25-10-2021,146.0312805,148.6399994,149.3699951,147.6199951,148.6799927,50720600
26-10-2021,146.6993561,149.3200073,150.8399963,149.0099945,149.3300018,60893400
27-10-2021,146.2376251,148.8500061,149.7299957,148.4900055,149.3600006,56094900
28-10-2021,149.892334,152.5700073,153.1699982,149.7200012,149.8200073,100077900
29-10-2021,147.1709137,149.8000031,149.9400024,146.4100037,147.2200012,124953200
01-11-2021,146.3456421,148.9600067,149.6999969,147.8000031,148.9900055,74588300
02-11-2021,147.3870697,150.0200043,151.5700073,148.6499939,148.6600037,69122000
03-11-2021,148.8312836,151.4900055,151.9700012,149.8200073,150.3899994,54511500
04-11-2021,148.3105774,150.9600067,152.4299927,150.6399994,151.5800018,60394600
05-11-2021,148.8418732,151.2799988,152.1999969,150.0599976,151.8899994,65463900
08-11-2021,148.0153809,150.4400024,151.5700073,150.1600037,151.4100037,55020900
09-11-2021,148.379425,150.8099976,151.4299927,150.0599976,150.1999969,56787900
10-11-2021,145.5360107,147.9199982,150.1300049,147.8500061,150.0200043,65187100
11-11-2021,145.4868164,147.8699951,149.4299927,147.6799927,148.9600067,41000000
12-11-2021,147.5726776,149.9900055,150.3999939,147.4799957,148.4299927,63804000
15-11-2021,147.582489,150,151.8800049,149.4299927,150.3699951,59222800
16-11-2021,148.5663757,151,151.4900055,149.3399963,149.9400024,59256200
17-11-2021,151.0162354,153.4900055,155,150.9900055,151,88807000
18-11-2021,155.3256378,157.8699951,158.6699982,153.0500031,153.7100067,137827700
19-11-2021,157.9624481,160.5500031,161.0200043,156.5299988,157.6499939,117305600
22-11-2021,158.4249115,161.0200043,165.6999969,161,161.6799927,117467900
23-11-2021,158.808609,161.4100037,161.8000031,159.0599976,161.1199951,96041900
24-11-2021,159.3300629,161.9400024,162.1399994,159.6399994,160.75,69463600
26-11-2021,154.2827301,156.8099976,160.4499969,156.3600006,159.5700073,76959800
29-11-2021,157.6574707,160.2400055,161.1900024,158.7899933,159.3699951,88748200
30-11-2021,162.6359253,165.3000031,165.5200043,159.9199982,159.9900055,174048100
01-12-2021,162.1144409,164.7700043,170.3000031,164.5299988,167.4799957,152052500
02-12-2021,161.1207428,163.7599945,164.1999969,157.8000031,158.7400055,136739200
03-12-2021,159.2316895,161.8399963,164.9600067,159.7200012,164.0200043,118023100
06-12-2021,162.6555939,165.3200073,167.8800049,164.2799988,164.2899933,107497000
07-12-2021,168.4211273,171.1799927,171.5800018,168.3399963,169.0800018,120405400
08-12-2021,172.2582855,175.0800018,175.9600067,170.6999969,172.1300049,116998900
09-12-2021,171.7466431,174.5599976,176.75,173.9199982,174.9100037,108923700
10-12-2021,176.5578613,179.4499969,179.6300049,174.6900024,175.2100067,115402700
13-12-2021,172.9076385,175.7400055,182.1300049,175.5299988,181.1199951,153237000
14-12-2021,171.5203552,174.3300018,177.7400055,172.2100067,175.25,139380400
15-12-2021,176.4102631,179.3000031,179.5,172.3099976,175.1100006,131063300
16-12-2021,169.4837036,172.2599945,181.1399994,170.75,179.2799988,150185800
17-12-2021,168.3817902,171.1399994,173.4700012,169.6900024,169.9299927,195432700
20-12-2021,167.0141907,169.75,170.5800018,167.4600067,168.2799988,107499100
21-12-2021,170.2019806,172.9900055,173.1999969,169.1199951,171.5599976,91185900
22-12-2021,172.8092499,175.6399994,175.8600006,172.1499939,173.0399933,92135300
23-12-2021,173.4389496,176.2799988,176.8500061,175.2700043,175.8500061,68356600
27-12-2021,177.4236908,180.3300018,180.4199982,177.0700073,177.0899963,74919600
28-12-2021,176.4004364,179.2899933,181.3300018,178.5299988,180.1600037,79144300
29-12-2021,176.4889984,179.3800049,180.6300049,178.1399994,179.3300018,62348900
30-12-2021,175.3280029,178.1999969,180.5700073,178.0899963,179.4700012,59773000
31-12-2021,174.7081451,177.5700073,179.2299957,177.2599945,178.0899963,64062300
03-01-2022,179.0765839,182.0099945,182.8800049,177.7100067,177.8300018,104487900
04-01-2022,176.803833,179.6999969,182.9400024,179.1199951,182.6300049,99310400
05-01-2022,172.1008606,174.9199982,180.1699982,174.6399994,179.6100006,94537600
06-01-2022,169.2279205,172,175.3000031,171.6399994,172.6999969,96904000
07-01-2022,169.3951569,172.1699982,174.1399994,171.0299988,172.8899994,86709100
10-01-2022,169.4148712,172.1900024,172.5,168.1699982,169.0800018,106765600
11-01-2022,172.2582855,175.0800018,175.1799927,170.8200073,172.3200073,76138300
12-01-2022,172.7010193,175.5299988,177.1799927,174.8200073,176.1199951,74805200
13-01-2022,169.4148712,172.1900024,176.6199951,171.7899933,175.7799988,84505800
14-01-2022,170.2806702,173.0700073,173.7799988,171.0899963,171.3399963,80440800
18-01-2022,167.063385,169.8000031,172.5399933,169.4100037,171.5099945,90956700
19-01-2022,163.5509186,166.2299957,171.0800018,165.9400024,170,94815000
20-01-2022,161.8586273,164.5099945,169.6799927,164.1799927,166.9799957,91420500
21-01-2022,159.7924652,162.4100037,166.3300018,162.3000031,164.4199982,122848900
24-01-2022,159.015213,161.6199951,162.3000031,154.6999969,160.0200043,162294600
25-01-2022,157.2048798,159.7799988,162.7599945,157.0200043,158.9799957,115798400
26-01-2022,157.1163177,159.6900024,164.3899994,157.8200073,163.5,108275300
27-01-2022,156.6539001,159.2200012,163.8399963,158.2799988,162.4499969,121954600
28-01-2022,167.5848389,170.3300018,170.3500061,162.8000031,165.7100067,179935700
31-01-2022,171.9631195,174.7799988,175,169.5099945,170.1600037,115541600
01-02-2022,171.7958832,174.6100006,174.8399963,172.3099976,174.0099945,86213900
02-02-2022,173.0060425,175.8399963,175.8800049,173.3300018,174.75,84914300
03-02-2022,170.1133881,172.8999939,176.2400055,172.1199951,174.4799957,89418100
04-02-2022,169.8277283,172.3899994,174.1000061,170.6799927,171.6799927,82465400
07-02-2022,169.1085968,171.6600037,173.9499969,170.9499969,172.8600006,77251200
08-02-2022,172.2314911,174.8300018,175.3500061,171.4299927,171.7299957,74829200
09-02-2022,173.6599274,176.2799988,176.6499939,174.8999939,176.0500031,71285000
10-02-2022,169.5617371,172.1199951,175.4799957,171.5500031,174.1399994,90865900
11-02-2022,166.1334534,168.6399994,173.0800018,168.0399933,172.3300018,98670700
14-02-2022,166.3699036,168.8800049,169.5800018,166.5599976,167.3699951,86185500
15-02-2022,170.2217712,172.7899933,172.9499969,170.25,170.9700012,62527400
16-02-2022,169.9853516,172.5500031,173.3399963,170.0500031,171.8500061,61177400
17-02-2022,166.3699036,168.8800049,171.9100037,168.4700012,171.0299988,69589300
18-02-2022,164.813385,167.3000031,170.5399933,166.1900024,169.8200073,82772700
22-02-2022,161.877655,164.3200073,166.6900024,162.1499939,164.9799957,91162800
23-02-2022,157.6908569,160.0700073,166.1499939,159.75,165.5399933,90009200
24-02-2022,160.3211517,162.7400055,162.8500061,152,152.5800018,141147500
25-02-2022,162.3998108,164.8500061,165.1199951,160.8699951,163.8399963,91974200
28-02-2022,162.6657715,165.1199951,165.4199982,162.4299927,163.0599976,95056600
01-03-2022,160.7743225,163.1999969,166.6000061,161.9700012,164.6999969,83474400
02-03-2022,164.0843658,166.5599976,167.3600006,162.9499969,164.3899994,79724800
03-03-2022,163.7592926,166.2299957,168.9100037,165.5500031,168.4700012,76678400
04-03-2022,160.744751,163.1699982,165.5500031,162.1000061,164.4900055,83737200
07-03-2022,156.9322968,159.3000031,165.0200043,159.0399933,163.3600006,96418800
08-03-2022,155.0999451,157.4400024,162.8800049,155.8000031,158.8200073,131148300
09-03-2022,160.5280151,162.9499969,163.4100037,159.4100037,161.4799957,91454900
10-03-2022,156.1638947,158.5200043,160.3899994,155.9799957,160.1999969,105342000
11-03-2022,152.4302063,154.7299957,159.2799988,154.5,158.9299927,96970100
14-03-2022,148.3813171,150.6199951,154.1199951,150.1000061,151.4499969,108732100
15-03-2022,152.7848663,155.0899963,155.5700073,150.3800049,150.8999939,92964300
16-03-2022,157.2179413,159.5899963,160,154.4600067,157.0500031,102300200
17-03-2022,158.232666,160.6199951,161,157.6300049,158.6100006,75615400
18-03-2022,161.5427094,163.9799957,164.4799957,159.7599945,160.5099945,123511700
21-03-2022,162.921936,165.3800049,166.3500061,163.0099945,163.5099945,95811400
22-03-2022,166.310791,168.8200073,169.4199982,164.9100037,165.5099945,81532000
23-03-2022,167.68013,170.2100067,172.6399994,167.6499939,167.9900055,98062700
24-03-2022,171.4827728,174.0700073,174.1399994,170.2100067,171.0599976,90131400
25-03-2022,172.1231232,174.7200012,175.2799988,172.75,173.8800049,80546200
28-03-2022,172.9900513,175.6000061,175.7299957,172,172.1699982,90371900
29-03-2022,176.3000946,178.9600067,179.0099945,176.3399963,176.6900024,100589400
30-03-2022,175.1277618,177.7700043,179.6100006,176.6999969,178.5500031,92633200
31-03-2022,172.0147552,174.6100006,178.0299988,174.3999939,177.8399963,103049300
01-04-2022,171.7191925,174.3099976,174.8800049,171.9400024,174.0299988,78751300
04-04-2022,175.7878113,178.4400024,178.4900055,174.4400024,174.5700073,76468400
05-04-2022,172.4580536,175.0599976,178.3000031,174.4199982,177.5,73401800
06-04-2022,169.2760468,171.8300018,173.6300049,170.1300049,172.3600006,89058800
07-04-2022,169.5814514,172.1399994,173.3600006,169.8500061,171.1600037,77594700
08-04-2022,167.5619049,170.0899963,171.7799988,169.1999969,171.7799988,76575500
11-04-2022,163.2864227,165.75,169.0299988,165.5,168.7100067,72246700
12-04-2022,165.168045,167.6600037,169.8699951,166.6399994,168.0200043,79265200
13-04-2022,167.8672943,170.3999939,171.0399933,166.7700043,167.3899994,70618900
14-04-2022,162.8332672,165.2899933,171.2700043,165.0399933,170.6199951,75329400
18-04-2022,162.6165466,165.0700073,166.6000061,163.5700073,163.9199982,69023900
19-04-2022,164.9118805,167.3999939,167.8200073,163.9100037,165.0200043,67723800
20-04-2022,164.7444305,167.2299957,168.8800049,166.1000061,168.7599945,67929800
21-04-2022,163.9464417,166.4199982,171.5299988,165.9100037,168.9100037,87227800
22-04-2022,159.3852997,161.7899933,167.8699951,161.5,166.4600067,84882400
25-04-2022,160.4591064,162.8800049,163.1699982,158.4600067,161.1199951,96046400
26-04-2022,154.4694366,156.8000031,162.3399963,156.7200012,162.25,95623200
27-04-2022,154.2428741,156.5700073,159.7899933,155.3800049,155.9100037,88063200
28-04-2022,161.2077942,163.6399994,164.5200043,158.9299927,159.25,130216800
29-04-2022,155.3067932,157.6499939,166.1999969,157.25,161.8399963,131747600
02-05-2022,155.6122131,157.9600067,158.2299957,153.2700043,156.7100067,123055300
03-05-2022,157.1095886,159.4799957,160.7100067,156.3200073,158.1499939,88966500
04-05-2022,163.5523987,166.0200043,166.4799957,159.2599945,159.6699982,108256500
05-05-2022,154.4399109,156.7700043,164.0800018,154.9499969,163.8500061,130525300
06-05-2022,155.1699677,157.2799988,159.4400024,154.1799927,156.0099945,116124600
09-05-2022,150.0199738,152.0599976,155.8300018,151.4900055,154.9299927,131577900
10-05-2022,152.4371338,154.5099945,156.7400055,152.9299927,155.5200043,115366700
11-05-2022,144.5345917,146.5,155.4499969,145.8099976,153.5,142689800
12-05-2022,140.6474304,142.5599976,146.1999969,138.8000031,142.7700043,182602000
13-05-2022,145.1363678,147.1100006,148.1000061,143.1100006,144.5899963,113990900
16-05-2022,143.5874634,145.5399933,147.5200043,144.1799927,145.5500031,86643800
17-05-2022,147.2378387,149.2400055,149.7700043,146.6799927,148.8600006,78336300
18-05-2022,138.9308014,140.8200073,147.3600006,139.8999939,146.8500061,109742900
19-05-2022,135.5073547,137.3500061,141.6600037,136.6000061,139.8800049,136095600
20-05-2022,135.7441254,137.5899963,140.6999969,132.6100006,139.0899963,137426100
23-05-2022,141.1900482,143.1100006,143.2599945,137.6499939,137.7899933,117726300
24-05-2022,138.4769592,140.3600006,141.9700012,137.3300018,140.8099976,104132700
25-05-2022,138.6347961,140.5200043,141.7899933,138.3399963,138.4299927,92482700
26-05-2022,141.8510895,143.7799988,144.3399963,137.1399994,137.3899994,90601500
27-05-2022,147.6324463,149.6399994,149.6799927,145.2599945,145.3899994,90978500
31-05-2022,146.8431702,148.8399963,150.6600037,146.8399963,149.0700073,103718400
01-06-2022,146.7149353,148.7100067,151.7400055,147.6799927,149.8999939,74286600
02-06-2022,149.1813965,151.2100067,151.2700043,146.8600006,147.8300018,72348100
03-06-2022,143.4296265,145.3800049,147.9700012,144.4600067,146.8999939,88570300
06-06-2022,144.1794281,146.1399994,148.5700073,144.8999939,147.0299988,71598400
07-06-2022,146.7149353,148.7100067,149,144.1000061,144.3500061,67808200
08-06-2022,145.9750214,147.9600067,149.8699951,147.4600067,148.5800018,53950200
09-06-2022,140.7263947,142.6399994,147.9499969,142.5299988,147.0800018,69473000
10-06-2022,135.2902832,137.1300049,140.7599945,137.0599976,140.2799988,91437900
13-06-2022,130.1107178,131.8800049,135.1999969,131.4400024,132.8699951,122207100
14-06-2022,130.9789124,132.7599945,133.8899994,131.4799957,133.1300049,84784300
15-06-2022,133.6130676,135.4299927,137.3399963,132.1600037,134.2899933,91533000
16-06-2022,128.3151398,130.0599976,132.3899994,129.0399933,132.0800018,108123900
17-06-2022,129.7950287,131.5599976,133.0800018,129.8099976,130.0700073,134520300
21-06-2022,134.0472107,135.8699951,137.0599976,133.3200073,133.4199982,81000500
22-06-2022,133.5341949,135.3500061,137.7599945,133.9100037,134.7899933,73409200
23-06-2022,136.4150085,138.2700043,138.5899963,135.6300049,136.8200073,72433800
24-06-2022,139.7595215,141.6600037,141.9100037,139.7700043,139.8999939,89116800
27-06-2022,139.7595215,141.6600037,143.4900055,140.9700012,142.6999969,70207900
28-06-2022,135.5961304,137.4400024,143.4199982,137.3200073,142.1300049,67083400
29-06-2022,137.3621216,139.2299957,140.6699982,136.6699982,137.4600067,66242400
30-06-2022,134.885788,136.7200012,138.3699951,133.7700043,137.25,98964500
01-07-2022,137.0661469,138.9299927,139.0399933,135.6600037,136.0399933,71051600
05-07-2022,139.6608887,141.5599976,141.6100006,136.9299927,137.7700043,73353800
06-07-2022,141.0026245,142.9199982,144.1199951,141.0800018,141.3500061,74064300
07-07-2022,144.3866272,146.3500061,146.5500031,143.2799988,143.2899933,66253700
08-07-2022,145.0673218,147.0399933,147.5500031,145,145.2599945,64547800
11-07-2022,142.9264679,144.8699951,146.6399994,143.7799988,145.6699982,63141600
12-07-2022,143.9031982,145.8600006,148.4499969,145.0500031,145.7599945,77588800
13-07-2022,143.5381165,145.4900055,146.4499969,142.1199951,142.9900055,71185600
14-07-2022,146.4781647,148.4700012,148.9499969,143.25,144.0800018,78140700
15-07-2022,148.1553345,150.1699982,150.8600006,148.1999969,149.7799988,76259900
18-07-2022,145.0969391,147.0700073,151.5700073,146.6999969,150.7400055,81420900
19-07-2022,148.9742126,151,151.2299957,146.9100037,147.9199982,82982400
20-07-2022,150.9868469,153.0399933,153.7200012,150.3699951,151.1199951,64823400
21-07-2022,153.2658539,155.3500061,155.5700073,151.9400024,154.5,65086600
22-07-2022,152.0227509,154.0899963,156.2799988,153.4100037,155.3899994,66675400
25-07-2022,150.8980408,152.9499969,155.0399933,152.2799988,154.0099945,53623900
26-07-2022,149.5661926,151.6000061,153.0899963,150.8000031,152.2599945,55138700
27-07-2022,154.6865234,156.7899933,157.3300018,152.1600037,152.5800018,78620700
28-07-2022,155.2390594,157.3500061,157.6399994,154.4100037,156.9799957,81378700
29-07-2022,160.3298035,162.5099945,163.6300049,159.5,161.2400055,101786900
01-08-2022,159.3432159,161.5099945,163.5899963,160.8899994,161.0099945,67829400
02-08-2022,157.8633118,160.0099945,162.4100037,159.6300049,160.1000061,59907000
03-08-2022,163.9012299,166.1300049,166.5899963,160.75,160.8399963,82507500
04-08-2022,163.5855408,165.8099976,167.1900024,164.4299927,166.0099945,55474100
05-08-2022,163.3583221,165.3500061,165.8500061,163,163.2100067,56697000
08-08-2022,162.8840637,164.8699951,167.8099976,164.1999969,166.3699951,60276900
09-08-2022,162.9334869,164.9199982,165.8200073,163.25,164.0200043,63135500
10-08-2022,167.2014771,169.2400055,169.3399963,166.8999939,167.6799927,70170500
11-08-2022,166.4604797,168.4900055,170.9900055,168.1900024,170.0599976,57149200
12-08-2022,170.0269775,172.1000061,172.1699982,169.3999939,169.8200073,68039400
15-08-2022,171.1038666,173.1900024,173.3899994,171.3500061,171.5200043,54091700
16-08-2022,170.945816,173.0299988,173.7100067,171.6600037,172.7799988,56377100
17-08-2022,172.4474792,174.5500031,176.1499939,172.5700073,172.7700043,79542000
18-08-2022,172.0522919,174.1499939,174.8999939,173.1199951,173.75,62290100
19-08-2022,169.4539795,171.5200043,173.7400055,171.3099976,173.0299988,70346300
22-08-2022,165.5515442,167.5700073,169.8600006,167.1399994,169.6900024,69026800
23-08-2022,165.2156372,167.2299957,168.7100067,166.6499939,167.0800018,54147100
24-08-2022,165.5120392,167.5299988,168.1100006,166.25,167.3200073,53841500
25-08-2022,167.9819183,170.0299988,170.1399994,168.3500061,168.7799988,51218200
26-08-2022,161.6491241,163.6199951,171.0500031,163.5599976,170.5700073,78961000
29-08-2022,159.4361115,161.3800049,162.8999939,159.8200073,161.1499939,73314000
30-08-2022,156.9958649,158.9100037,162.5599976,157.7200012,162.1300049,77906200
31-08-2022,155.3262329,157.2200012,160.5800018,157.1399994,160.3099976,87991100
01-09-2022,156.057312,157.9600067,158.4199982,154.6699982,156.6399994,74229900
02-09-2022,153.9332275,155.8099976,160.3600006,154.9700012,159.75,76957800
06-09-2022,152.6686401,154.5299988,157.0899963,153.6900024,156.4700012,73714800
07-09-2022,154.0813904,155.9600067,156.6699982,153.6100006,154.8200073,87449600
08-09-2022,152.5994873,154.4600067,156.3600006,152.6799927,154.6399994,84923800
09-09-2022,155.474411,157.3699951,157.8200073,154.75,155.4700012,68028800
12-09-2022,161.4614105,163.4299927,164.2599945,159.3000031,159.5899963,104956000
13-09-2022,151.9869385,153.8399963,160.5399933,153.3699951,159.8999939,122656600
14-09-2022,153.439209,155.3099976,157.1000061,153.6100006,154.7899933,87965400
15-09-2022,150.534668,152.3699951,155.2400055,151.3800049,154.6499939,90481100
16-09-2022,148.8847656,150.6999969,151.3500061,148.3699951,151.2100067,162278800
19-09-2022,152.6192322,154.4799957,154.5599976,149.1000061,149.3099976,81474200
20-09-2022,155.0100708,156.8999939,158.0800018,153.0800018,153.3999939,107689800
21-09-2022,151.8683929,153.7200012,158.7400055,153.6000061,157.3399963,101696800
22-09-2022,150.900177,152.7400055,154.4700012,150.9100037,152.3800049,86652500
23-09-2022,148.6180267,150.4299927,151.4700012,148.5599976,151.1900024,96029900
26-09-2022,148.9539185,150.7700043,153.7700043,149.6399994,149.6600037,93339400
27-09-2022,149.9319916,151.7599945,154.7200012,149.9499969,152.7400055,84442700
28-09-2022,148.0351105,149.8399963,150.6399994,144.8399963,147.6399994,146691400
29-09-2022,140.7637787,142.4799957,146.7200012,140.6799927,146.1000061,128138200
30-09-2022,136.5353546,138.1999969,143.1000061,138,141.2799988,124925300
03-10-2022,140.7341156,142.4499969,143.0700073,137.6900024,138.2100067,114311700
04-10-2022,144.3401947,146.1000061,146.2200012,144.2599945,145.0299988,87830100
05-10-2022,144.6365814,146.3999939,147.3800049,143.0099945,144.0700073,79471000
06-10-2022,143.6782532,145.4299927,147.5399933,145.2200012,145.8099976,68402200
07-10-2022,138.4025726,140.0899963,143.1000061,139.4499969,142.5399933,85925600
10-10-2022,138.7285919,140.4199982,141.8899994,138.5700073,140.4199982,74899000
11-10-2022,137.3059387,138.9799957,141.3500061,138.2200012,139.8999939,77033700
12-10-2022,136.673645,138.3399963,140.3600006,138.1600037,139.1300049,70433700
13-10-2022,141.2676544,142.9900055,143.5899963,134.3699951,134.9900055,113224000
14-10-2022,136.7131805,138.3800049,144.5200043,138.1900024,144.3099976,88598000
17-10-2022,140.6946106,142.4100037,142.8999939,140.2700043,141.0700073,85250900
18-10-2022,142.0184631,143.75,146.6999969,140.6100006,145.4900055,99136600
19-10-2022,142.1271515,143.8600006,144.9499969,141.5,141.6900024,61758300
20-10-2022,141.6628113,143.3899994,145.8899994,142.6499939,143.0200043,64522000
21-10-2022,145.4960938,147.2700043,147.8500061,142.6499939,142.8699951,86548600
24-10-2022,147.6498108,149.4499969,150.2299957,146,147.1900024,75981900
25-10-2022,150.5050049,152.3399963,152.4900055,149.3600006,150.0899963,74732300
26-10-2022,147.5510101,149.3500061,151.9900055,148.0399933,150.9600067,88194300
27-10-2022,143.0558319,144.8000031,149.0500031,144.1300049,148.0700073,109180200
28-10-2022,153.8640594,155.7400055,157.5,147.8200073,148.1999969,164762400
31-10-2022,151.4929657,153.3399963,154.2400055,151.9199982,153.1600037,97943200
01-11-2022,148.8353577,150.6499939,155.4499969,149.1300049,155.0800018,80379300
02-11-2022,143.2830505,145.0299988,152.1699982,145,148.9499969,93604600
03-11-2022,137.2071381,138.8800049,142.8000031,138.75,142.0599976,97918500
04-11-2022,136.9399719,138.3800049,142.6699982,134.3800049,142.0899963,140814800
07-11-2022,137.4743042,138.9199982,139.1499939,135.6699982,137.1100006,83374600
08-11-2022,138.0482941,139.5,141.4299927,137.4900055,140.4100037,89908500
09-11-2022,133.4664459,134.8699951,138.5500031,134.5899963,138.5,74917800
10-11-2022,145.3415833,146.8699951,146.8699951,139.5,141.2400055,118854000
11-11-2022,148.1421204,149.6999969,150.0099945,144.3699951,145.8200073,93979700
14-11-2022,146.7369385,148.2799988,150.2799988,147.4299927,148.9700012,73374100
15-11-2022,148.4785919,150.0399933,153.5899963,148.5599976,152.2200012,89868300
16-11-2022,147.2416077,148.7899933,149.8699951,147.2899933,149.1300049,64218300
17-11-2022,149.1515198,150.7200012,151.4799957,146.1499939,146.4299927,80389400
18-11-2022,149.7156067,151.2899933,152.6999969,149.9700012,152.3099976,74829600
21-11-2022,146.4697266,148.0099945,150.3699951,147.7200012,150.1600037,58724100
22-11-2022,148.6171417,150.1799927,150.4199982,146.9299927,148.1300049,51804100
23-11-2022,149.4979095,151.0700073,151.8300018,149.3399963,149.4499969,58301400
25-11-2022,146.5687103,148.1100006,148.8800049,147.1199951,148.3099976,35195900
28-11-2022,142.7191925,144.2200012,146.6399994,143.3800049,145.1399994,69246000
29-11-2022,139.7009277,141.1699982,144.8099976,140.3500061,144.2899933,83763800
30-11-2022,146.4895477,148.0299988,148.7200012,140.5500031,141.3999939,111380900
01-12-2022,146.7666168,148.3099976,149.1300049,146.6100006,148.2100067,71250400
02-12-2022,146.2718201,147.8099976,148,145.6499939,145.9600067,65447400
05-12-2022,145.1040955,146.6300049,150.9199982,145.7700043,147.7700043,68826400
06-12-2022,141.4228363,142.9100037,147.3000031,141.9199982,147.0700073,64727200
07-12-2022,139.4733124,140.9400024,143.3699951,140,142.1900024,69721100
08-12-2022,141.1655121,142.6499939,143.5200043,141.1000061,142.3600006,62128300
09-12-2022,140.6806183,142.1600037,145.5700073,140.8999939,142.3399963,76097000
12-12-2022,142.9863892,144.4900055,144.5,141.0599976,142.6999969,70462700
13-12-2022,143.9561768,145.4700012,149.9700012,144.2400055,149.5,93886200
14-12-2022,141.719696,143.2100067,146.6600037,141.1600037,145.3500061,82291200
15-12-2022,135.0795288,136.5,141.8000031,136.0299988,141.1100006,98931900
16-12-2022,133.1102142,134.5099945,137.6499939,133.7299957,136.6900024,160156900
19-12-2022,130.9924927,132.3699951,135.1999969,131.3200073,135.1100006,79592600
20-12-2022,130.923233,132.3000031,133.25,129.8899994,131.3899994,77432800
21-12-2022,134.040451,135.4499969,136.8099976,132.75,132.9799957,85928000
22-12-2022,130.8539429,132.2299957,134.5599976,130.3000031,134.3500061,77852100
23-12-2022,130.4878082,131.8600006,132.4199982,129.6399994,130.9199982,63814900
27-12-2022,128.6768494,130.0299988,131.4100037,128.7200012,131.3800049,69007800
28-12-2022,124.7283707,126.0400009,131.0299988,125.8700027,129.6699982,85438400
29-12-2022,128.2612305,129.6100006,130.4799957,127.7300034,127.9899979,75703700
30-12-2022,128.5778961,129.9299927,129.9499969,127.4300003,128.4100037,77034200
03-01-2023,123.7684555,125.0699997,130.8999939,124.1699982,130.2799988,112117500
04-01-2023,125.0450363,126.3600006,128.6600037,125.0800018,126.8899994,89113600
05-01-2023,123.7189865,125.0199966,127.7699966,124.7600021,127.1299973,80962700
06-01-2023,128.2711029,129.6199951,130.2899933,124.8899994,126.0100021,87754700
09-01-2023,128.795578,130.1499939,133.4100037,129.8899994,130.4700012,70790800
10-01-2023,129.3695526,130.7299957,131.2599945,128.1199951,130.2599945,63896200
11-01-2023,132.1008301,133.4900055,133.5099945,130.4600067,131.25,69458900
12-01-2023,132.0216522,133.4100037,134.2599945,131.4400024,133.8800049,71379600
13-01-2023,133.3576202,134.7599945,134.9199982,131.6600037,132.0299988,57809700
17-01-2023,134.5253601,135.9400024,137.2899933,134.1300049,134.8300018,63646600
18-01-2023,133.8029327,135.2100067,138.6100006,135.0299988,136.8200073,69672800
19-01-2023,133.8623047,135.2700043,136.25,133.7700043,134.0800018,58280400
20-01-2023,136.4352722,137.8699951,138.0200043,134.2200012,135.2799988,80223600
23-01-2023,139.6415253,141.1100006,143.3200073,137.8999939,138.1199951,81760300
24-01-2023,141.0467529,142.5299988,143.1600037,140.3000031,140.3099976,66435100
25-01-2023,140.3837433,141.8600006,142.4299927,138.8099976,140.8899994,65799300
26-01-2023,142.4618988,143.9600067,144.25,141.8999939,143.1699982,54105100
27-01-2023,144.411377,145.9299927,147.2299957,143.0800018,143.1600037,70555800
30-01-2023,141.5118713,143,145.5500031,142.8500061,144.9600067,64015300
31-01-2023,142.7884521,144.2899933,144.3399963,142.2799988,142.6999969,65874500
01-02-2023,143.9165955,145.4299927,146.6100006,141.3200073,143.9700012,77663600
02-02-2023,149.2505035,150.8200073,151.1799927,148.1699982,148.8999939,118339000
03-02-2023,152.8922119,154.5,157.3800049,147.8300018,148.0299988,154357300
06-02-2023,150.1510162,151.7299957,153.1000061,150.7799988,152.5700073,69858300
07-02-2023,153.0406342,154.6499939,155.2299957,150.6399994,150.6399994,83322600
08-02-2023,150.3390503,151.9199982,154.5800018,151.1699982,153.8800049,64120100
09-02-2023,149.2999725,150.8699951,154.3300018,150.4199982,153.7799988,56007100
10-02-2023,149.6666718,151.0099945,151.3399963,149.2200012,149.4600067,57450700
13-02-2023,152.4814301,153.8500061,154.2599945,150.9199982,150.9499969,62199000
14-02-2023,151.837204,153.1999969,153.7700043,150.8600006,152.1199951,61707600
15-02-2023,153.9482574,155.3300018,155.5,152.8800049,153.1100006,65573800
16-02-2023,152.3426666,153.7100067,156.3300018,153.3500061,153.5099945,68167900
17-02-2023,151.1929932,152.5500031,153,150.8500061,152.3500061,59144100
21-02-2023,147.1591644,148.4799957,151.3000031,148.4100037,150.1999969,58867200
22-02-2023,147.5853424,148.9100037,149.9499969,147.1600037,148.8699951,51011300
23-02-2023,148.0709991,149.3999939,150.3399963,147.2400055,150.0899963,48394200
24-02-2023,145.4049377,146.7100067,147.1900024,145.7200012,147.1100006,55469600
27-02-2023,146.6041718,147.9199982,149.1699982,147.4499969,147.7100067,44998500
28-02-2023,146.0987091,147.4100037,149.0800018,146.8300018,147.0500031,50547000
01-03-2023,144.017395,145.3099976,147.2299957,145.0099945,146.8300018,55479000
02-03-2023,144.6120453,145.9100037,146.7100067,143.8999939,144.3800049,52238100
03-03-2023,149.6864929,151.0299988,151.1100006,147.3300018,148.0399933,70732300
06-03-2023,152.4616089,153.8300018,156.3000031,153.4600067,153.7899933,87558000
07-03-2023,150.2514343,151.6000061,154.0299988,151.1300049,153.6999969,56182000
08-03-2023,151.5101318,152.8699951,153.4700012,151.8300018,152.8099976,47204800
09-03-2023,149.2504272,150.5899963,154.5399933,150.2299957,153.5599976,53833600
10-03-2023,147.1790009,148.5,150.9400024,147.6100006,150.2100067,68572400
13-03-2023,149.131485,150.4700012,153.1399994,147.6999969,147.8099976,84457100
14-03-2023,151.2326355,152.5899963,153.3999939,150.1000061,151.2799988,73695900
15-03-2023,151.6290741,152.9900055,153.25,149.9199982,151.1900024,77167900
16-03-2023,154.4636383,155.8500061,156.4600067,151.6399994,152.1600037,76161100
17-03-2023,153.6211853,155,156.7400055,154.2799988,156.0800018,98944600
20-03-2023,155.9998474,157.3999939,157.8200073,154.1499939,155.0700073,73641400
21-03-2023,157.8631134,159.2799988,159.3999939,156.5399933,157.3200073,73938300
22-03-2023,156.4260101,157.8300018,162.1399994,157.8099976,159.3000031,75701800
23-03-2023,157.5162201,158.9299927,161.5500031,157.6799927,158.8300018,67622100
24-03-2023,158.8244781,160.25,160.3399963,157.8500061,158.8600006,59196500
27-03-2023,156.8720245,158.2799988,160.7700043,157.8699951,159.9400024,52390300
28-03-2023,156.2476196,157.6499939,158.4900055,155.9799957,157.9700012,45992200
29-03-2023,159.3398743,160.7700043,161.0500031,159.3500061,159.3699951,51305700
30-03-2023,160.9157257,162.3600006,162.4700012,161.2700043,161.5299988,49501700
31-03-2023,163.433136,164.8999939,165,161.9100037,162.4400024,68749800
03-04-2023,164.6918335,166.1699982,166.2899933,164.2200012,164.2700043,56976200
04-04-2023,164.1566467,165.6300049,166.8399963,165.1100006,166.6000061,46278300
05-04-2023,162.3032837,163.7599945,165.0500031,161.8000031,164.7400055,51511700
06-04-2023,163.195282,164.6600037,164.9600067,162,162.4299927,45390100
10-04-2023,160.5886536,162.0299988,162.0299988,160.0800018,161.4199982,47716900
11-04-2023,159.3696136,160.8000031,162.3600006,160.5099945,162.3500061,47644200
12-04-2023,158.675827,160.1000061,162.0599976,159.7799988,161.2200012,50133100
13-04-2023,164.0872498,165.5599976,165.8000031,161.4199982,161.6300049,68445600
14-04-2023,163.7403717,165.2100067,166.3200073,163.8200073,164.5899963,49386500
17-04-2023,163.7601929,165.2299957,165.3899994,164.0299988,165.0899963,41516200
18-04-2023,164.9891663,166.4700012,167.4100037,165.6499939,166.1000061,49923000
19-04-2023,166.138855,167.6300049,168.1600037,165.5399933,165.8000031,47720200
20-04-2023,165.1675568,166.6499939,167.8699951,165.5599976,166.0899963,52456400
21-04-2023,163.5520782,165.0200043,166.4499969,164.4900055,165.0500031,58337300
24-04-2023,163.859314,165.3300018,165.6000061,163.8899994,165,41949600
25-04-2023,162.3131866,163.7700043,166.3099976,163.7299957,165.1900024,48714100
26-04-2023,162.3032837,163.7599945,165.2799988,162.8000031,163.0599976,45498800
27-04-2023,166.911911,168.4100037,168.5599976,165.1900024,165.1900024,64902300
28-04-2023,168.1705933,169.6799927,169.8500061,167.8800049,168.4900055,55209200
01-05-2023,168.0814056,169.5899963,170.4499969,168.6399994,169.2799988,52472900
02-05-2023,167.0407257,168.5399933,170.3500061,167.5399933,170.0899963,48425700
03-05-2023,165.960434,167.4499969,170.9199982,167.1600037,169.5,65136000
04-05-2023,164.3151855,165.7899933,167.0399933,164.3099976,164.8899994,81235400
05-05-2023,172.026001,173.5700073,174.3000031,170.7599945,170.9799957,113316400
08-05-2023,171.956604,173.5,173.8500061,172.1100006,172.4799957,55962800
09-05-2023,170.2420197,171.7700043,173.5399933,171.6000061,173.0500031,45326900
10-05-2023,172.0160828,173.5599976,174.0299988,171.8999939,173.0200043,53724500
11-05-2023,172.2044067,173.75,174.5899963,172.1699982,173.8500061,49514700
12-05-2023,171.2714844,172.5700073,174.0599976,171,173.6199951,45497800
15-05-2023,170.775238,172.0700073,173.2100067,171.4700012,173.1600037,37266700
16-05-2023,170.775238,172.0700073,173.1399994,171.8000031,171.9900055,42110300
17-05-2023,171.3905792,172.6900024,172.9299927,170.4199982,171.7100067,57951600
18-05-2023,173.7328186,175.0500031,175.2400055,172.5800018,173,65496700
19-05-2023,173.84198,175.1600037,176.3899994,174.9400024,176.3899994,55772400
22-05-2023,172.8892212,174.1999969,174.7100067,173.4499969,173.9799957,43570900
23-05-2023,170.2690582,171.5599976,173.3800049,171.2799988,173.1300049,50747300
24-05-2023,170.5469513,171.8399963,172.4199982,170.5200043,171.0899963,45143500
25-05-2023,171.6883087,172.9900055,173.8999939,171.6900024,172.4100037,56058300
26-05-2023,174.1099396,175.4299927,175.7700043,173.1100006,173.3200073,54835000
30-05-2023,175.9658813,177.3000031,178.9900055,176.5700073,176.9600067,55964400
31-05-2023,175.9162445,177.25,179.3500061,176.7599945,177.3300018,99625300
01-06-2023,178.7348938,180.0899963,180.1199951,176.9299927,177.6999969,68901800
02-06-2023,179.5884094,180.9499969,181.7799988,179.2599945,181.0299988,61945900
05-06-2023,178.2287292,179.5800018,184.9499969,178.0399933,182.6300049,121946500
06-06-2023,177.861496,179.2100067,180.1199951,177.4299927,179.9700012,64848400
07-06-2023,176.4819794,177.8200073,181.2100067,177.3200073,178.4400024,61944600
08-06-2023,179.2112732,180.5700073,180.8399963,177.4600067,177.8999939,50214900
09-06-2023,179.5983276,180.9600067,182.2299957,180.6300049,181.5,48870700
12-06-2023,182.4070435,183.7899933,183.8899994,180.9700012,181.2700043,54274900
13-06-2023,181.9306488,183.3099976,184.1499939,182.4400024,182.8000031,54929100
14-06-2023,182.5658417,183.9499969,184.3899994,182.0200043,183.3699951,57462900
15-06-2023,184.6103516,186.0099945,186.5200043,183.7799988,183.9600067,65433200
16-06-2023,183.5285645,184.9199982,186.9900055,184.2700043,186.7299957,101235600
20-06-2023,183.6178589,185.0099945,186.1000061,184.4100037,184.4100037,49799100
21-06-2023,182.5757599,183.9600067,185.4100037,182.5899963,184.8999939,49515700
22-06-2023,185.5928955,187,187.0500031,183.6699982,183.7400055,51245300
23-06-2023,185.2753143,186.6799927,187.5599976,185.0099945,185.5500031,53079300
26-06-2023,183.8759155,185.2700043,188.0500031,185.2299957,186.8300018,48088700
27-06-2023,186.6448975,188.0599976,188.3899994,185.6699982,185.8899994,50730800
28-06-2023,187.8259583,189.25,189.8999939,187.6000061,187.9299927,51216800
29-06-2023,188.1634216,189.5899963,190.0700073,188.9400024,189.0800018,46347300
30-06-2023,192.5104523,193.9700012,194.4799957,191.2599945,191.6300049,85069600
03-07-2023,191.0118103,192.4600067,193.8800049,191.7599945,193.7799988,31458200
05-07-2023,189.8902893,191.3300018,192.9799957,190.6199951,191.5700073,46920300
06-07-2023,190.3666992,191.8099976,192.0200043,189.1999969,189.8399963,45094300
07-07-2023,189.2451935,190.6799927,192.6699982,190.2400055,191.4100037,46778000
10-07-2023,187.1907806,188.6100006,189.9900055,187.0399933,189.2599945,59922200
11-07-2023,186.6647797,188.0800018,189.3000031,186.6000061,189.1600037,46638100
12-07-2023,188.3420563,189.7700043,191.6999969,188.4700012,189.6799927,60750200
13-07-2023,189.1062469,190.5399933,191.1900024,189.7799988,190.5,41342300
14-07-2023,189.255127,190.6900024,191.1799927,189.6300049,190.2299957,41573900
17-07-2023,192.530304,193.9900055,194.3200073,191.8099976,191.8999939,50520200
18-07-2023,192.2722473,193.7299957,194.3300018,192.4199982,193.3500061,48353800
19-07-2023,193.6319275,195.1000061,198.2299957,192.6499939,193.1000061,80507300
20-07-2023,191.6767731,193.1300049,196.4700012,192.5,195.0899963,59581200
21-07-2023,190.4957275,191.9400024,194.9700012,191.2299957,194.1000061,71917800
24-07-2023,191.2996216,192.75,194.9100037,192.25,193.4100037,45377800
25-07-2023,192.1630707,193.6199951,194.4400024,192.9199982,193.3300018,37283200
26-07-2023,193.036438,194.5,195.6399994,193.3200073,193.6699982,47471900
27-07-2023,191.7660828,193.2200012,197.1999969,192.5500031,196.0200043,47460200
28-07-2023,194.3564301,195.8300018,196.6300049,194.1399994,194.6699982,48291400
31-07-2023,194.9717712,196.4499969,196.4900055,195.2599945,196.0599976,38824100
01-08-2023,194.1381226,195.6100006,196.7299957,195.2799988,196.2400055,35175100
02-08-2023,191.1309204,192.5800018,195.1799927,191.8500061,195.0399933,50389300
03-08-2023,189.7315216,191.1699982,192.3699951,190.6900024,191.5700073,61235200
04-08-2023,180.6205902,181.9900055,187.3800049,181.9199982,185.5200043,115799700
07-08-2023,177.5042267,178.8500061,183.1300049,177.3500061,182.1300049,97576100
08-08-2023,178.4470825,179.8000031,180.2700043,177.5800018,179.6900024,67823000
09-08-2023,176.8491821,178.1900024,180.9299927,177.0099945,180.8699951,60378500
10-08-2023,176.6308594,177.9700012,180.75,177.6000061,179.4799957,54686900
11-08-2023,176.6904602,177.7899933,178.6199951,176.5500031,177.3200073,51988100
14-08-2023,178.3501587,179.4600067,179.6900024,177.3099976,177.9700012,43675600
15-08-2023,176.3525696,177.4499969,179.4799957,177.0500031,178.8800049,43622600
16-08-2023,175.4780273,176.5700073,178.5399933,176.5,177.1300049,46964900
17-08-2023,172.9239197,174,177.5099945,173.4799957,177.1399994,66062900
18-08-2023,173.4108887,174.4900055,175.1000061,171.9600067,172.3000031,61114200
21-08-2023,174.752533,175.8399963,176.1300049,173.7400055,175.0700073,46311900
22-08-2023,176.1339417,177.2299957,177.6799927,176.25,177.0599976,42084200
23-08-2023,179.9998779,181.1199951,181.5500031,178.3300018,178.5200043,52722800
24-08-2023,175.2892151,176.3800049,181.1000061,176.0099945,180.6699982,54945800
25-08-2023,177.5054016,178.6100006,179.1499939,175.8200073,177.3800049,51449600
28-08-2023,179.0756378,180.1900024,180.5899963,178.5500031,180.0899963,43820700
29-08-2023,182.981308,184.1199951,184.8999939,179.5,179.6999969,53003900
30-08-2023,186.4894867,187.6499939,187.8500061,184.7400055,184.9400024,60813900
31-08-2023,186.7081299,187.8699951,189.1199951,187.4799957,187.8399963,60794500
01-09-2023,188.2882843,189.4600067,189.9199982,188.2799988,189.4900055,45732600
05-09-2023,188.5268097,189.6999969,189.9799957,187.6100006,188.2799988,45280000
06-09-2023,181.7787933,182.9100037,188.8500061,181.4700012,188.3999939,81755800
07-09-2023,176.4618835,177.5599976,178.2100067,173.5399933,175.1799927,112488800
08-09-2023,177.0780334,178.1799927,180.2400055,177.7899933,178.3500061,65551300
11-09-2023,178.2507782,179.3600006,180.3000031,177.3399963,180.0700073,58953100
12-09-2023,175.2096863,176.3000031,180.1300049,174.8200073,179.4900055,90370200
13-09-2023,173.1326141,174.2100067,177.3000031,173.9799957,176.5099945,84267900
14-09-2023,174.6531372,175.7400055,176.1000061,173.5800018,174,60895800
15-09-2023,173.9276428,175.0099945,176.5,173.8200073,176.4799957,109205100
18-09-2023,176.8693542,177.9700012,179.3800049,176.1699982,176.4799957,67257600
19-09-2023,177.9625702,179.0700073,179.6300049,177.1300049,177.5200043,51826900
20-09-2023,174.4046936,175.4900055,179.6999969,175.3999939,179.2599945,58436200
21-09-2023,172.8543243,173.9299927,176.3000031,173.8600006,174.5500031,63047900
22-09-2023,173.7090302,174.7899933,177.0800018,174.0500031,174.6699982,56725400
25-09-2023,174.9910431,176.0800018,176.9700012,174.1499939,174.1999969,46172700
26-09-2023,170.8965454,171.9600067,175.1999969,171.6600037,174.8200073,64588900
27-09-2023,169.3759766,170.4299927,173.0399933,169.0500031,172.6199951,66921800
28-09-2023,169.6343842,170.6900024,172.0299988,167.6199951,169.3399963,56294400
29-09-2023,170.1511688,171.2100067,173.0700073,170.3399963,172.0200043,51814200
02-10-2023,172.6754456,173.75,174.3000031,170.9299927,171.2200012,52164500
03-10-2023,171.3338013,172.3999939,173.6300049,170.8200073,172.2599945,49594600
04-10-2023,172.5860138,173.6600037,174.2100067,170.9700012,171.0899963,53020300
05-10-2023,173.8282928,174.9100037,175.4499969,172.6799927,173.7899933,48527900
06-10-2023,176.3923187,177.4900055,177.9900055,173.1799927,173.8000031,57224100
09-10-2023,177.8830566,178.9900055,179.0500031,175.8000031,176.8099976,42390800
10-10-2023,177.2867584,178.3899994,179.7200012,177.9499969,178.1000061,43698000
11-10-2023,178.6880341,179.8000031,179.8500061,177.6000061,178.1999969,47551100
12-10-2023,179.5924225,180.7100067,182.3399963,179.0399933,180.0700073,56743100
13-10-2023,177.743927,178.8500061,181.9299927,178.1399994,181.4199982,51427100
16-10-2023,177.6147156,178.7200012,179.0800018,176.5099945,176.75,52517000
17-10-2023,176.0544281,177.1499939,178.4199982,174.8000031,176.6499939,57549400
18-10-2023,174.752533,175.8399963,177.5800018,175.1100006,175.5800018,54764400
19-10-2023,174.3748779,175.4600067,177.8399963,175.1900024,176.0399933,59302900
20-10-2023,171.8108368,172.8800049,175.4199982,172.6399994,175.3099976,64189300
23-10-2023,171.9300842,173,174.0099945,169.9299927,170.9100037,55980100
24-10-2023,172.3673553,173.4400024,173.6699982,171.4499969,173.0500031,43816600
25-10-2023,170.0418549,171.1000061,173.0599976,170.6499939,171.8800049,57157000
26-10-2023,165.8578644,166.8899994,171.3800049,165.6699982,170.3699951,70625300
27-10-2023,167.179657,168.2200012,168.9600067,166.8300018,166.9100037,58499100
30-10-2023,169.2368317,170.2899933,171.1699982,168.8699951,169.0200043,51131000
31-10-2023,169.7138824,170.7700043,170.8999939,167.8999939,169.3500061,44846000
01-11-2023,172.8940735,173.9700012,174.2299957,170.1199951,171,56934900
02-11-2023,176.471817,177.5700073,177.7799988,175.4600067,175.5200043,77334800
03-11-2023,175.5574951,176.6499939,176.8200073,173.3500061,174.2400055,79763700
06-11-2023,178.1215668,179.2299957,179.4299927,176.2100067,176.3800049,63841300
07-11-2023,180.6955414,181.8200073,182.4400024,178.9700012,179.1799927,70530000
08-11-2023,181.7589264,182.8899994,183.4499969,181.5899963,182.3500061,49340300
09-11-2023,181.2818909,182.4100037,184.1199951,181.8099976,182.9600067,53763500
10-11-2023,185.491272,186.3999939,186.5700073,183.5299988,183.9700012,66133400
13-11-2023,183.8990784,184.8000031,186.0299988,184.2100067,185.8200073,43627500
14-11-2023,186.5261993,187.4400024,188.1100006,186.3000031,187.6999969,60108400
15-11-2023,187.0934143,188.0099945,189.5,187.7799988,187.8500061,53790500
16-11-2023,188.7851563,189.7100067,190.9600067,188.6499939,189.5700073,54412900
17-11-2023,188.7652435,189.6900024,190.3800049,188.5700073,190.25,50922700
20-11-2023,190.5166473,191.4499969,191.9100037,189.8800049,189.8899994,46505100
21-11-2023,189.7106018,190.6399994,191.5200043,189.7400055,191.4100037,38134500
22-11-2023,190.3773346,191.3099976,192.9299927,190.8300018,191.4900055,39617700
24-11-2023,189.043869,189.9700012,190.8999939,189.25,190.8699951,24048300
27-11-2023,188.8647308,189.7899933,190.6699982,188.8999939,189.9199982,40552600
28-11-2023,189.4717712,190.3999939,191.0800018,189.3999939,189.7799988,38415400
29-11-2023,188.4467773,189.3699951,192.0899963,188.9700012,190.8999939,43014200
30-11-2023,189.0239563,189.9499969,190.3200073,188.1900024,189.8399963,48794400
01-12-2023,190.3076782,191.2400055,191.5599976,189.2299957,190.3300018,45679300
04-12-2023,188.5065002,189.4299927,190.0500031,187.4499969,189.9799957,43389500
05-12-2023,192.4770508,193.4199982,194.3999939,190.1799927,190.2100067,66628400
06-12-2023,191.382431,192.3200073,194.7599945,192.1100006,194.4499969,41089700
07-12-2023,193.3229218,194.2700043,195,193.5899963,193.6300049,47477700
08-12-2023,194.7558899,195.7100067,195.9900055,193.6699982,194.1999969,53377300
11-12-2023,192.238205,193.1799927,193.4900055,191.4199982,193.1100006,60943700
12-12-2023,193.7607727,194.7100067,194.7200012,191.7200012,193.0800018,52696900
13-12-2023,196.9949188,197.9600067,198,194.8500061,195.0899963,70404200
14-12-2023,197.1441803,198.1100006,199.6199951,196.1600037,198.0200043,66831600
15-12-2023,196.6068268,197.5700073,198.3999939,197,197.5299988,128256700
18-12-2023,194.9350128,195.8899994,196.6300049,194.3899994,196.0899963,55751900
19-12-2023,195.9798889,196.9400024,196.9499969,195.8899994,196.1600037,40714100
20-12-2023,193.880188,194.8300018,197.6799927,194.8300018,196.8999939,52242800
21-12-2023,193.7308807,194.6799927,197.0800018,193.5,196.1000061,46482500
22-12-2023,192.656189,193.6000061,195.4100037,192.9700012,195.1799927,37122800
26-12-2023,192.1088562,193.0500031,193.8899994,192.8300018,193.6100006,28919300
27-12-2023,192.2083588,193.1499939,193.5,191.0899963,192.4900055,48087700
28-12-2023,192.636261,193.5800018,194.6600037,193.1699982,194.1399994,34049900
29-12-2023,191.5913849,192.5299988,194.3999939,191.7299957,193.8999939,42628800
02-01-2024,184.7349701,185.6399994,188.4400024,183.8899994,187.1499939,82488700
03-01-2024,183.3517609,184.25,185.8800049,183.4299927,184.2200012,58414500
04-01-2024,181.0231781,181.9100037,183.0899963,180.8800049,182.1499939,71983600
05-01-2024,180.2967072,181.1799927,182.7599945,180.1699982,181.9900055,62303300
08-01-2024,184.655365,185.5599976,185.6000061,181.5,182.0899963,59144500
09-01-2024,184.2374115,185.1399994,185.1499939,182.7299957,183.9199982,42841800
10-01-2024,185.2823029,186.1900024,186.3999939,183.9199982,184.3500061,46792900
11-01-2024,184.6852264,185.5899963,187.0500031,183.6199951,186.5399933,49128400
12-01-2024,185.0136108,185.9199982,186.7400055,185.1900024,186.0599976,40444700
16-01-2024,182.7347717,183.6300049,184.2599945,180.9299927,182.1600037,65603000
17-01-2024,181.7893982,182.6799927,182.9299927,180.3000031,181.2700043,47317400
18-01-2024,187.7104187,188.6300049,189.1399994,185.8300018,186.0899963,78005800
19-01-2024,190.6261139,191.5599976,191.9499969,188.8200073,189.3300018,68741000
22-01-2024,192.9447479,193.8899994,195.3300018,192.2599945,192.3000031,60133900
23-01-2024,194.2284698,195.1799927,195.75,193.8300018,195.0200043,42355600
24-01-2024,193.5517731,194.5,196.3800049,194.3399963,195.4199982,53631300
25-01-2024,193.2233887,194.1699982,196.2700043,193.1100006,195.2200012,54822100
26-01-2024,191.4819336,192.4199982,194.7599945,191.9400024,194.2700043,44594000
29-01-2024,190.7952881,191.7299957,192.1999969,189.5800018,192.0099945,47145600
30-01-2024,187.1232758,188.0399933,191.8000031,187.4700012,190.9400024,55859400
31-01-2024,183.5010223,184.3999939,187.1000061,184.3500061,187.0399933,55467800
01-02-2024,185.9490509,186.8600006,186.9499969,183.8200073,183.9900055,64885400
02-02-2024,184.9439545,185.8500061,187.3300018,179.25,179.8600006,102518000
05-02-2024,186.7650299,187.6799927,189.25,185.8399963,188.1499939,69668800
06-02-2024,188.3771515,189.3000031,189.3099976,186.7700043,186.8600006,43490800
07-02-2024,188.486618,189.4100037,191.0500031,188.6100006,190.6399994,53439000
08-02-2024,187.4019318,188.3200073,189.5399933,187.3500061,189.3899994,40962000
09-02-2024,188.1691437,188.8500061,189.9900055,188,188.6499939,45155200
12-02-2024,186.4752655,187.1499939,188.6699982,186.7899933,188.4199982,41781900
13-02-2024,184.3728638,185.0399933,186.2100067,183.5099945,185.7700043,56529500
14-02-2024,183.4860687,184.1499939,185.5299988,182.4400024,185.3200073,54630500
15-02-2024,183.1971283,183.8600006,184.4900055,181.3500061,183.5500031,65434500
16-02-2024,181.6526947,182.3099976,184.8500061,181.6699982,183.4199982,49701400
20-02-2024,180.9054108,181.5599976,182.4299927,180,181.7899933,53665600
21-02-2024,181.6626892,182.3200073,182.8899994,180.6600037,181.9400024,41529700
22-02-2024,183.7052765,184.3699951,184.9600067,182.4600067,183.4799957,52292200
23-02-2024,181.8619537,182.5200043,185.0399933,182.2299957,185.0099945,45119700
